id,text,anger,disgust,fear,joy,sadness,surprise
ron_dev_track_b_00001,War firecrackers used at the DOVADA rally.,0,0,1,0,0,1
ron_dev_track_b_00002,Mia placut cum a fost <|PERSON|> ca invitat la podcastul lui <<|PERSON|>,0,0,0,2,0,0
ron_dev_track_b_00003,Interview in exclusive with <unk>PERSON<unk> after the first day of the USR National Congress,0,0,0,0,0,0
ron_dev_track_b_00004,Sensational virus virus UCIGA≈û Fact of Masonry Now I know in Romania,1,2,2,0,1,2
ron_dev_track_b_00005,"""Good people are very rare these days, but in ten years, you'll probably never find normal people or people who are very bad, and you'll never listen to people who make bad marriages, and you'll never hear of marriages that end in war, and you'll never hear of marriages that end in war"".",1,1,2,0,2,0
ron_dev_track_b_00006,This is how a panic attack manifests itself. A panic attack or a panic disturbance suddenly appears without any warning. Perhaps it is recognized by the very user.,0,0,0,0,0,0
ron_dev_track_b_00007,<|PERSON|> un erou modern al Rom√¢niei A wonat din nou maratonul arctic <unk> un erou modern al Rom√¢niei A wonat din nou maratonul arctic <unk> un erou modern al Rom√¢niei A wonat din nou maratonul arctic <unk> un erou modern al Rom√¢niei A wonat din nou maratonul arctic <unk>,0,0,0,2,0,1
ron_dev_track_b_00008,Consiliul Investitorilor Ordonanta <|PERSON|> transmits a negative message Romania is going to lose investitii,0,0,1,0,1,1
ron_dev_track_b_00009,Cel mai iubit comediant al meuimpreuna cu <>PERSON<> etc. <unk> I'm not going to be able to do this for a while.,0,0,0,2,0,0
ron_dev_track_b_00010,I see the conclusion of the local allegory. My team is right.,0,0,1,0,1,0
ron_dev_track_b_00011,I don't care if you're a part of it.,0,0,0,2,0,2
ron_dev_track_b_00012,I'm not sure I understand this doctor. I'm not sure I understand this doctor. I'm not sure I understand this doctor.,2,2,0,0,0,0
ron_dev_track_b_00013,Reluare procedure analyzes the bank the notary exchange,0,0,0,0,0,0
ron_dev_track_b_00014,Caz hallucinant de cruzime A man accuses a policeman in Sibiu that he snorted in the bathroom <unk>Am stat in the knees<unk>,1,1,1,0,1,1
ron_dev_track_b_00015,You don't have to worry about Grija mare.,0,0,1,0,0,0
ron_dev_track_b_00016,How do you know that doctors are concerned about our health?,3,2,0,0,1,2
ron_dev_track_b_00017,In cateva words Fodor fain simplu üòä Bravo exact cum must sa fie traita vita niste conceptii super bene inradacinate si atat de simple,0,0,0,2,0,0
ron_dev_track_b_00018,Cel mai fain pƒÉrinte ‚ù§Ô∏è Congratulations on this project <PERSON<><,0,0,0,2,0,0
ron_dev_track_b_00019,FMMMM nea tinut 5 zile in frig si nici o DEMISIE Doar un mancat de kkt FMMMM nea tinut 5 zile in frig si ni o DEMISIE Doar un mancat de kkt FMMMM is the name of the radio station in the country where the station is located.,2,1,0,0,1,0
ron_dev_track_b_00020,"One of the biggest criminals in Romania was released, but he was sentenced to life in prison.",0,1,2,0,0,0
ron_dev_track_b_00021,How much does a laser surgery cost in Timi»ôoara?,0,0,0,0,0,0
ron_dev_track_b_00022,O do God the person the gift of the beautiful person this is a wonderful person who cares about the implication of the multitude of the soul the person the desire to be a binele in the fire,0,0,0,3,0,2
ron_dev_track_b_00023,<unk> Cinofobia africa de cainiaceasta fobie este deseori associata cu alcune experiente personale precum possibilit√† de a fi fost muscat de un caine in copilarie <unk> Astrafobia africa de tunete si fulgerecunoscuta si ca Brontofobia Tonitrofobia sau Ceraunofobia <unk> This fobia is associated with certain experienced personnel as well as the possibility of a fi fost muscat of a caine in copilarie <unk>,0,0,0,0,0,0
ron_dev_track_b_00024,ELI5 Situations in the Republic of Moldova past present future,0,0,0,0,0,0
ron_dev_track_b_00025,CNA traces the urine of the televisions after alarmist reports about the coronavirus and launches a urine test during the emergency period.,0,0,0,0,0,0
ron_dev_track_b_00026,The good things are so simple they can be done with a fin Om va multumesc üëç,0,0,0,1,0,0
ron_dev_track_b_00027,What a surprise to discover that the birthplace of the Sabanoani was the occasion for an important meeting for the family.,0,0,0,2,0,2
ron_dev_track_b_00028,The many years of happiness scummy lady,0,0,0,2,0,0
ron_dev_track_b_00029,I don't think it's a disease. I don't think it's a disease. I don't think it's a disease. I don't think it's a disease. I don't think it's a disease. I don't think it's a disease. I don't think it's a disease. I don't know what it is.,0,0,0,0,1,0
ron_dev_track_b_00030,Wow this message Ca o binescuv√¢ntare Multumim,0,0,0,3,0,1
ron_dev_track_b_00031,Super Am ras cu lacrimi la √Ænt√¢mplarea cu bunicul Iar descoperirea despre riduri e genialaüòÇ <PERSON<unk> e o persona minunata <unk> <unk> This is the first time I've seen this kind of thing in my life.,0,0,0,3,0,1
ron_dev_track_b_00032,Our steam engine is worse than in Italy.,1,1,1,0,2,0
ron_dev_track_b_00033,Cine se afla in spatele mastii Carlas Dreams (Cinema is found behind the mastii),0,0,0,0,0,1
ron_dev_track_b_00034,I'm afraid of being excluded from international polls in the last weather.,0,0,1,0,0,0
ron_dev_track_b_00035,Very interesting this episode I love I'm glad to invite people of quality of care we have what invata,0,0,0,2,0,1
ron_dev_track_b_00036,Bravo coco»ô MƒÉ √Ænclin cu respect Recorder,0,0,0,2,0,1
ron_dev_track_b_00037,Mul»õumim <>PERSON<> ca ne oferi ocazia sa cunoastem si altfel oameni deosebiti Felicitari doamnei Maia for the man who cares for this is the one who cares for this,0,0,0,2,0,0
ron_dev_track_b_00038,I'm starting to see copies of 56 years of care. Listen to 5gang if you think it's slander.,0,1,0,0,1,1
ron_dev_track_b_00039,Violent fire at the un service auto din Craiova Pericol of explosion,0,0,1,0,0,0
ron_dev_track_b_00040,I had to present the science and tremble of emotions as naiba I tremble Cum naiba I oppress the trembling,1,0,2,0,0,0
ron_dev_track_b_00041,The Minister of Agriculture Peste criza coronavirus is overwhelming or extreme drought <<<< URL>>... via,0,0,1,0,1,0
ron_dev_track_b_00042,After the podcast ul cu <> PERSON <unk> this is my favorite Mul»õumesc <unk> PERSON <unk>,0,0,0,2,0,0
ron_dev_track_b_00043,Congratulations on inviting a man among people. Nice and simple.,0,0,0,2,0,0
ron_dev_track_b_00044,Panic in the community in Cluj Un factor po≈ütal test positive for COVID19 a entered into contact with 240 de,0,0,2,0,0,0
ron_dev_track_b_00045,FELICITƒÇRI PENTRU EMISIUNE RESPECT Dlui CT <> PERSON <> genial and Dnei MODERATOR This is the first time I've seen this.,0,0,0,2,0,0
ron_dev_track_b_00046,It's going to die directly without being detected. We don't have any tests. They're infected.,1,1,2,0,2,0
ron_dev_track_b_00047,<unk>PERSON<unk>> my pleasure objectiveity ta In my opinion you deserve a prize for the best critic of a book in the world ‚ù§Ô∏è,0,0,0,2,0,1
ron_dev_track_b_00048,Maximum value in this OM,0,0,0,2,0,0
ron_dev_track_b_00049,This beautiful lady enchants the eyes and the soul of France.,0,0,0,2,0,1
ron_dev_track_b_00050,Miami spent the weekend with a drug dealer who risked his life on the Internet.,0,0,1,0,0,1
ron_dev_track_b_00051,Personaje Mioritice <> Person <unk> of the Cluj povesteste o zi din viata sa <unk> This is the story of a man who was born in Cluj.,0,0,0,0,0,0
ron_dev_track_b_00052,Un tanar extrem de agreabiltot timpul cu zambetul pe buzeNu look at this if then when you see may trece prin valtoarea vietiiNumai well sa alegi,0,0,0,2,0,1
ron_dev_track_b_00053,Urmaresc de algo tiempo este podcast Pur si simplu ma captiveaza oamenii discutiile atmosfera We need to do something simple in our lives Multumesc <>PERSON<unk>,0,0,0,3,0,0
ron_dev_track_b_00054,Emotional documentary I do my soul when I see what's happening I wish for all the love of my life to be fulfilled all the plans for the family are wonderful,0,0,0,2,2,0
ron_dev_track_b_00055,A train attacked with gunfire in Re≈üi≈£a.,1,0,2,0,1,1
ron_dev_track_b_00056,Traversarea Rom√¢niei with a car on a calvar Petreanuro.,1,1,0,0,1,0
ron_dev_track_b_00057,I'm an incompetent employee and I'm going to be fired from a professional job with 25 years of experience. Incredible if very serious.,3,2,0,0,1,0
ron_dev_track_b_00058,Director Tarom on the verification of the Corpus of Nu are cum sa scoata in evidenta deficiente Eu nu voi demisiona,0,0,0,0,0,0
ron_dev_track_b_00059,I'm losing my share of the generation of politicians.,2,2,0,0,1,0
ron_dev_track_b_00060,A bloody terrorist attack took place after a short time. At least five people died.,0,0,1,0,2,0
ron_dev_track_b_00061,"In Sweden, Romania, medical care shows a chaotic, hateful and dysfunctional state.",1,2,0,0,1,0
ron_dev_track_b_00062,I think this is the first podcast in which I've spoken. I've spoken. I've spoken. I've spoken.,0,0,0,2,0,0
ron_dev_track_b_00063,Dracula Festival 2015 on the 2nd and 3rd of May in Hunedoara,0,0,0,0,0,0
ron_dev_track_b_00064,Terrorist attack in Vienna announces more than many at least one death and 15 wounded,0,1,2,0,2,1
ron_dev_track_b_00065,So what are we going to do to starve here? It's not just about the restaurant. It's about a lot of business.,2,2,2,0,3,0
ron_dev_track_b_00066,I'm going to the sea. I'm going to the sea. I'm going to the sea.,0,0,0,2,0,0
ron_dev_track_b_00067,I am a new victim of a five-year-old fetus after a devastating impact. A woman died on the spot.,0,0,1,0,2,1
ron_dev_track_b_00068,ACE Company has issued a statement about this incident and about the module in care or traumatized because of this Datorite incident of yesterday ACE feel anxiety psychologically and fear of recurrence of a similar event,0,0,1,0,0,0
ron_dev_track_b_00069,Dear Spirit free I had the great joy of listening to an OM Frumos I thank you for your existence instead of your parents Doamnei <>PERSON<> thank you for giving,0,0,0,2,0,0
ron_dev_track_b_00070,People ca <> Person <> Sant pe cale de disparitie Felicitari ‚ù§,0,0,0,2,0,0
ron_dev_track_b_00071,Alarm signal after a new study of COVID asymptomatic patients can actually presymptomatic What is wrong with previous research news Stiri Romania?,0,0,2,0,0,1
ron_dev_track_b_00072,Only Greseala can decline a disaster.,0,0,2,0,0,0
ron_dev_track_b_00073,"<|PERSON<>> este patrimonio cultural Un podcast de zile mari a»ôa cum neai obi»ônuit <|PERSON<> Mul»õumim pentru toate clipele magice pe care ni le oferi<unk> I have a lot of things to do, but I don't know what to do.",0,0,0,3,0,0
ron_dev_track_b_00074,Mam mirat cat de echilibrat can fi documentarul Felicitari. I'm not sure what I'm going to do about it.,0,0,0,2,0,1
ron_dev_track_b_00075,47 of europarlamentarians take a letter to him about <unk>PERSON<unk> about <unk>Suntem worryora»õi<unk>,0,0,0,0,0,1
ron_dev_track_b_00076,Bucharest and the unpas of the tide avarie si marele inghet Effectul gasca din Voluntary Interview <unk>,1,1,1,0,1,0
ron_dev_track_b_00077,Respect <>PERSON<> Sunte»õi 1 of the pu»õinii pe care still is <unk> mai urmƒÉresc din strƒÉinƒÉtate y,0,0,0,2,0,0
ron_dev_track_b_00078,<unk>PERSON<unk> about Texte leave the deoparte in the right line <unk>,0,0,0,0,0,0
ron_dev_track_b_00079,<unk>PERSON<unk>> un om genial Imi face mare placere sal ascult si sal privesc Este un intelectual morocanos care says the profits are in the name of <unk>,0,0,0,2,0,0
ron_dev_track_b_00080,"""I am proud of a fi romance and contemporary with this master""",0,0,0,3,0,0
ron_dev_track_b_00081,iPhone 8 si iPhone X iPhone 8 Plus Presentation Video LIVE now if here De la Apple la un festival al tineretii This is the first time that the festival has been held in the United States.,0,0,0,0,0,0
ron_dev_track_b_00082,Respect doamnei ca a iesit si a vorbit. What are you doing?,0,0,0,2,0,0
ron_dev_track_b_00083,"The Bank warns that in the future, companies and the population will enter a real crisis of separation. This will be followed by the disappearance of government-injected drugs in the economy.",0,0,2,0,1,0
ron_dev_track_b_00084,I'm crying because there are so many other broadcasts.,0,0,0,2,0,1
ron_dev_track_b_00085,Serban DNA and deep corruption is the moment of drastic measures <>PERSON<> now you can't stay in Epoch Times Romania<unk>,2,1,0,0,1,0
ron_dev_track_b_00086,Fra»õii <unk>PERSON<unk> could put Romania in bankruptcy,0,1,1,0,1,0
ron_dev_track_b_00087,Family of Romanians with two small copies blocked for ten days in Athens after the father parked in a place not allowed Ce Pace≈üti in Greece if illegal parking,0,0,1,0,1,1
ron_dev_track_b_00088,Oamenii care dezbat Rom√¢nia fƒÉrƒÉ breaking news So much cringe <|PERSON|>,0,1,0,0,0,0
ron_dev_track_b_00089,Imagine a shocking accident in the city of Vrancea.,0,0,1,0,2,1
ron_dev_track_b_00090,Before the end of life on earth there will be social conflicts turmoil famine and earthquakes fear of suffering fear of dying of the price of waiting for the unfortunate there will be no life there will be a starry night of pain in the heart of life,0,0,2,0,2,0
ron_dev_track_b_00091,Exceptional dialogue realized introperfect symbiosis between invited and realized area FelicitƒÉri,0,0,0,3,0,1
ron_dev_track_b_00092,Oroare in Alicante Rom√°nca with g√¢tul cut aruncada la gunoi Partenerul Dutch a recognized crime Ziarul Rom√¢nesc Spain Spain,0,1,1,0,3,1
ron_dev_track_b_00093,You have to put a knife in your throat for at least five years.,2,1,0,0,0,0
ron_dev_track_b_00094,Who is afraid of the European Army?,0,0,0,0,0,0
ron_dev_track_b_00095,Felicitari <unk>PERSON<unk> si o mare <unk> ‚ù§Ô∏èpt mama lui PERSONextremely emotional mare lectie de vita is the name of the game.,0,0,0,3,0,1
ron_dev_track_b_00096,What a pity the man who takes care of wrapping a candle in a s√¢rma ghimpatƒÉ for those who are longing for copies,0,0,0,0,0,1
ron_dev_track_b_00097,"Okay, careful, you'll write the verses for this opera piece.",0,0,0,0,0,0
ron_dev_track_b_00098,I am very special and I listen to the soul of every data.,0,0,0,2,0,0
ron_dev_track_b_00099,Each Friday night presser,0,0,0,0,0,0
ron_dev_track_b_00100,Offensiva diplomatica a <|PERSON|> in Europa inainte de summitul din septembrie Romania nu se afla pe agenda cancelarului <unk> Romania nu se afla pe agenda cancelarului <unk> Romania is the only country in the world that has not had a summit with Romania.,0,0,0,0,0,1
ron_dev_track_b_00101,"Se Vinde iar Rom√¢nia Momentul Helsinki 16072018 is located in the city of Helsinki, Romania.",0,1,1,0,1,1
ron_dev_track_b_00102,"Cea mai tare serie de emisiuni impreuna cu cea a lui <unk>PERSON<unk>> Multumim dna <unk>PERSON<unk> <unk> Multumim dna <unk>PERSON<unk> is the name of the series, which is based on the same name.",0,0,0,2,0,0
ron_dev_track_b_00103,I ask the young people of the Electric Castle if they have to tax the Orthodox Church in Romania.,0,0,0,0,0,0
ron_dev_track_b_00104,"Doctor, I'm eight months pregnant. I'm worried about my baby. I'm going to the hospital to get help.",0,0,2,0,1,1
ron_dev_track_b_00105,I am happy to learn this age this is LuxulMultumim,0,0,0,2,0,0
ron_dev_track_b_00106,30 seconds I managed to listen to FelicitƒÉri pt the service offering and we invited guests,1,1,0,0,1,0
ron_dev_track_b_00107,Armenia has declared a state of war and general mobilization.,0,0,2,0,0,0
ron_dev_track_b_00108,Doamne fereste sa loan from now on this goodbye apa calda adio adio traffic decent adio TOT DOAR furt si sictir for prostii ramasi in Bucharest ca vezi Doamne toti instaritii sau mutat la duamna firea in Ba trezitiva s,2,2,2,0,2,0
ron_dev_track_b_00109,<unk>üëç Congratulations on this project the time allocated to listening is a time earned and deservedly earned in total Incantane cu oameni FaniSimplii üôÇ,0,0,0,2,0,1
ron_dev_track_b_00110,E grozav fratica sa fii <unk><unk>PERSON<unk> is the name of the song.,0,1,0,0,0,0
ron_dev_track_b_00111,"The Palace of Parliament in Bucharest Urban legends say that the Palace of Parliament is haunted by the ghosts of the dead. In the night, the corridors of the largest buildings in Europe are covered with flutes or faces.",0,0,2,0,0,0
ron_dev_track_b_00112,I'm going to have an interview with the Maramuresanul nostru drag. This is the national value if only we have it.,0,0,0,2,0,0
ron_dev_track_b_00113,hm ie ca la communism se fura ca in codru dar in loc de PCR partidul care fura sa renumit partidul spagi directori,2,2,1,0,2,0
ron_dev_track_b_00114,<unk>PERSON<unk>> the Antena Gadea if postul revin the line Government of technocrats a was the most sea nenorocire a Romaniei <unk>PERSON<unk> announces a sea meeting PSD<unk>,1,0,0,0,1,0
ron_dev_track_b_00115,Externals the cerere after 10 days ale patients asymptomatic diagnosed with a new type of coronavirus au st√¢rnit un val de √Ængrijorare <|URL|> of patients positive or externat de pe 25 June in hospitals in all countries but said that spre,0,0,2,0,0,0
ron_dev_track_b_00116,Drama of a family Six doctors of a particular hospital MedLife in Bucharest accuse that they ruined the life of a noun,1,1,1,0,3,0
ron_dev_track_b_00117,The sea stares with anxiety o am asa cred e cand vad un couple sarutandhu pe strada si stau pe o banca si se tin in brate nush dc,0,0,2,0,0,1
ron_dev_track_b_00118,Exceptional I'm very proud of my father if I listen to such talents care about what we have in Tara,0,0,0,3,0,1
ron_dev_track_b_00119,Bravo mamaiee»ôti cu capul pe umeri the only one with discernment,0,0,0,1,0,0
ron_dev_track_b_00120,Un politist din Teleorman risca sa fie dat afara for ca a filmat un gandac fara sa ceara accordul sefilor. This is the first time I've seen this movie.,0,1,0,0,0,0
ron_dev_track_b_00121,"When you're ready, when you're ready, when you're ready, when you're ready, when you're ready, when you're ready, when you're ready, when you're ready.",1,0,0,0,1,0
ron_dev_track_b_00122,O invitatƒÉ de excep»õie demnƒÉ de admirat »ôi de urmƒÉrit FelicitƒÉri <unk> <unk> I am very pleased to be here today.,0,0,0,3,0,0
ron_dev_track_b_00123,I'm afraid of the ace. I'm this intellectual phobia.,0,0,1,0,0,0
